radials,build,arm,round,segments,cold_s,warm_s,rss_mb,tracemalloc_mb,z_re,z_im,failed,note
12,momwire,momwire#0,1,680,3.2244,2.1348,297.6,159.6,52.6055,38.3242,0,
12,x13,x13#1,1,,1.2377,1.2277,93.6,,52.294,36.438,0,
12,3b75639,3b75639#2,1,,0.2957,0.3298,93.4,,52.294,36.438,0,
12,x13,x13#3,1,,1.2522,1.2236,93.6,,52.294,36.438,0,
12,momwire,momwire#4,1,680,3.2281,2.1813,297.8,159.6,52.6055,38.3242,0,
12,momwire,momwire#0,2,680,3.2042,2.122,297.5,159.6,52.6055,38.3242,0,
12,x13,x13#1,2,,1.224,1.2222,93.5,,52.294,36.438,0,
12,3b75639,3b75639#2,2,,0.3074,0.2943,93.6,,52.294,36.438,0,
12,x13,x13#3,2,,1.2251,1.2227,93.5,,52.294,36.438,0,
12,momwire,momwire#4,2,680,3.2098,2.1219,297.7,159.6,52.6055,38.3242,0,
24,momwire,momwire#0,1,1328,6.0954,4.8922,531.5,368.8,46.159,32.8466,0,
24,x13,x13#1,1,,4.2078,4.2161,93.8,,45.862,30.974,0,
24,3b75639,3b75639#2,1,,0.7895,0.7902,93.7,,45.862,30.974,0,
24,x13,x13#3,1,,4.1909,4.2004,93.6,,45.862,30.974,0,
24,momwire,momwire#4,1,1328,6.1222,4.8638,531.4,368.8,46.159,32.8466,0,
24,momwire,momwire#0,2,1328,6.1272,4.8849,531.3,368.8,46.159,32.8466,0,
24,x13,x13#1,2,,4.1957,4.2084,93.6,,45.862,30.974,0,
24,3b75639,3b75639#2,2,,0.7871,0.8071,93.9,,45.862,30.974,0,
24,x13,x13#3,2,,4.1911,4.1921,94.0,,45.862,30.974,0,
24,momwire,momwire#4,2,1328,6.0551,4.9398,531.5,368.8,46.159,32.8466,0,
36,momwire,momwire#0,1,1976,10.5381,9.3117,784.1,658.7,44.3316,30.4813,0,
36,x13,x13#1,1,,9.1991,9.1099,93.7,,44.039,28.618,0,
36,3b75639,3b75639#2,1,,1.6192,1.6169,94.3,,44.039,28.618,0,
36,x13,x13#3,1,,9.1429,9.1416,93.5,,44.039,28.618,0,
36,momwire,momwire#4,1,1976,10.5711,9.2292,784.2,658.7,44.3316,30.4813,0,
36,momwire,momwire#0,2,1976,10.617,9.2937,784.6,658.7,44.3316,30.4813,0,
36,x13,x13#1,2,,9.1138,9.1567,94.1,,44.039,28.618,0,
36,3b75639,3b75639#2,2,,1.6273,1.6174,93.6,,44.039,28.618,0,
36,x13,x13#3,2,,9.1389,9.1375,94.2,,44.039,28.618,0,
36,momwire,momwire#4,2,1976,10.5552,9.2835,783.2,658.7,44.3316,30.4813,0,
48,momwire,momwire#0,1,2624,16.6475,15.3429,1091.7,1028.8,43.5224,29.2228,0,
48,x13,x13#1,1,,16.1035,16.0859,126.7,,43.232,27.365,0,
48,3b75639,3b75639#2,1,,2.8023,2.8138,133.0,,43.232,27.365,0,
48,x13,x13#3,1,,16.5768,16.1253,126.6,,43.232,27.365,0,
48,momwire,momwire#4,1,2624,16.6762,15.248,1098.6,1028.8,43.5224,29.2228,0,
48,momwire,momwire#0,2,2624,16.7012,15.2561,1091.7,1028.8,43.5224,29.2228,0,
48,x13,x13#1,2,,16.0914,16.0753,126.6,,43.232,27.365,0,
48,3b75639,3b75639#2,2,,2.8282,2.8359,132.8,,43.232,27.365,0,
48,x13,x13#3,2,,16.1062,16.0649,126.6,,43.232,27.365,0,
48,momwire,momwire#4,2,2624,16.6173,15.2549,1098.6,1028.8,43.5224,29.2228,0,
72,momwire,momwire#0,1,3920,35.0021,33.2944,2168.6,2046.1,42.7905,27.9511,0,
72,x13,x13#1,1,,35.8325,35.895,260.3,,42.501,26.099,0,
72,3b75639,3b75639#2,1,,6.3903,6.4344,268.8,,42.501,26.099,0,
72,x13,x13#3,1,,35.8959,35.8567,260.5,,42.501,26.099,0,
72,momwire,momwire#4,1,3920,34.6638,33.2666,2167.7,2046.1,42.7905,27.9511,0,
72,momwire,momwire#0,2,3920,34.5815,32.949,2167.9,2046.1,42.7905,27.9511,0,
72,x13,x13#1,2,,35.8648,35.8673,260.6,,42.501,26.099,0,
72,3b75639,3b75639#2,2,,6.4067,6.3931,268.8,,42.501,26.099,0,
72,x13,x13#3,2,,35.8822,35.907,260.5,,42.501,26.099,0,
72,momwire,momwire#4,2,3920,34.7117,33.0068,2168.6,2046.1,42.7905,27.9511,0,
96,momwire,momwire#0,1,5216,57.382,55.4098,3671.7,3558.5,42.4507,27.3305,0,
96,x13,x13#1,1,,64.036,63.9729,445.7,,42.162,25.48,0,
96,3b75639,3b75639#2,1,,11.5425,11.5209,456.9,,42.162,25.48,0,
96,x13,x13#3,1,,63.9766,64.0233,445.6,,42.162,25.48,0,
96,momwire,momwire#4,1,5216,57.2994,55.3087,3661.7,3558.5,42.4507,27.3305,0,
96,momwire,momwire#0,2,5216,57.3212,55.1639,3662.6,3558.5,42.4507,27.3305,0,
96,x13,x13#1,2,,64.1537,64.1381,445.5,,42.162,25.48,0,
96,3b75639,3b75639#2,2,,11.4997,11.5234,457.0,,42.162,25.48,0,
96,x13,x13#3,2,,63.9541,64.0501,445.5,,42.162,25.48,0,
96,momwire,momwire#4,2,5216,57.2742,55.355,3662.6,3558.5,42.4507,27.3305,0,
113,momwire,momwire#0,1,6134,77.8672,75.6492,4968.3,4917.4,42.3015,27.0595,0,
113,x13,x13#1,1,,88.598,88.5682,607.3,,42.014,25.21,0,
113,3b75639,3b75639#2,1,,16.3169,16.2937,620.9,,42.014,25.21,0,
113,x13,x13#3,1,,88.6223,88.6138,607.4,,42.014,25.21,0,
113,momwire,momwire#4,1,6134,77.8217,75.6514,4997.3,4917.4,42.3015,27.0595,0,
113,momwire,momwire#0,2,6134,77.8323,75.5259,4968.5,4917.4,42.3015,27.0595,0,
113,x13,x13#1,2,,88.5827,88.4604,607.6,,42.014,25.21,0,
113,3b75639,3b75639#2,2,,16.568,16.2893,621.0,,42.014,25.21,0,
113,x13,x13#3,2,,88.5999,88.6049,607.6,,42.014,25.21,0,
113,momwire,momwire#4,2,6134,77.8213,75.6471,4969.2,4917.4,42.3015,27.0595,0,
120,momwire,momwire#0,1,6512,87.115,84.8176,5586.6,5540.0,42.2527,26.9721,0,
120,x13,x13#1,1,,100.3186,100.323,681.6,,41.965,25.123,0,
120,3b75639,3b75639#2,1,,18.6664,18.6564,695.6,,41.965,25.123,0,
120,x13,x13#3,1,,100.5483,100.7486,681.7,,41.965,25.123,0,
120,momwire,momwire#4,1,6512,86.8788,84.3461,5625.9,5540.0,42.2527,26.9721,0,
120,momwire,momwire#0,2,6512,86.799,84.5789,5586.2,5540.0,42.2527,26.9721,0,
120,x13,x13#1,2,,100.3403,100.3776,681.6,,41.965,25.123,0,
120,3b75639,3b75639#2,2,,18.6759,18.7344,695.8,,41.965,25.123,0,
120,x13,x13#3,2,,100.5459,100.4879,681.6,,41.965,25.123,0,
120,momwire,momwire#4,2,6512,86.9584,84.4055,5622.3,5540.0,42.2527,26.9721,0,
150,momwire,momwire#0,1,8132,164.449,162.2107,8568.1,8633.8,42.0955,26.698,0,
150,x13,x13#1,1,,,,1017.8,,,,1,harness timeout 120 s
150,3b75639,3b75639#2,1,,30.1935,30.1409,1065.0,,41.809,24.849,0,
150,x13,x13#3,1,,,,1017.6,,,,1,harness timeout 120 s
150,momwire,momwire#4,1,8132,165.2943,162.1551,8568.0,8633.8,42.0955,26.698,0,
150,momwire,momwire#0,2,8132,164.9632,161.9183,8567.8,8633.8,42.0955,26.698,0,
150,x13,x13#1,2,,,,1017.8,,,,1,harness timeout 120 s
150,3b75639,3b75639#2,2,,30.0858,30.1568,1065.4,,41.809,24.849,0,
150,x13,x13#3,2,,,,1017.5,,,,1,harness timeout 120 s
150,momwire,momwire#4,2,8132,164.9394,161.7892,8567.7,8633.8,42.0955,26.698,0,
150,x13,supplementary#1,1,8132,160.1919,160.0446,,,41.809,24.849,0,timeout raised to 900 s; NOT part of the verbatim ladder
150,x13,supplementary#2,2,8132,160.0231,159.8187,,,41.809,24.849,0,timeout raised to 900 s; NOT part of the verbatim ladder
